date,pm25,pm10,o3,no2,so2, co
2021/10/2,31, ,31,4, , 
2021/10/3,47, , , , , 
2021/9/2,19, ,37,3, , 
2021/9/3,24, ,38,5, , 
2021/9/4,29, ,40,3, , 
2021/9/5,36, ,25,2, , 
2021/9/6,40, ,19,3, , 
2021/9/7,35, ,42,4, , 
2021/9/8,49, ,31,5, , 
2021/9/9,47, ,33,2, , 
2021/9/10,35, ,26,4, , 
2021/9/11,27, ,32,4, , 
2021/9/12,49, ,36,5, , 
2021/9/13,40, ,32,5, , 
2021/9/14,54, ,34,5, , 
2021/9/15,55, ,23,5, , 
2021/9/16,41, ,28,4, , 
2021/9/17,30, ,29,5, , 
2021/9/18,31, ,43,3, , 
2021/9/19,55, ,39,3, , 
2021/9/20,37, ,32,6, , 
2021/9/21,42, ,28,3, , 
2021/9/22,32, ,21,5, , 
2021/9/23,18, ,26,3, , 
2021/9/24,20, ,30,4, , 
2021/9/25,25, ,31,2, , 
2021/9/26,36, ,33,3, , 
2021/9/27,27, ,34,5, , 
2021/9/28,36, ,26,4, , 
2021/9/29,46, ,29,5, , 
2021/9/30,24, ,24,8, , 
2021/10/1,31, ,25,5, , 
2021/8/2,68, ,36,2, , 
2021/8/3,44, ,41,4, , 
2021/8/4,36, ,39,4, , 
2021/8/5,50, ,54,5, , 
2021/8/6,58, ,46,4, , 
2021/8/7,60, ,45,3, , 
2021/8/8,61, ,36,4, , 
2021/8/9,68, ,31,3, , 
2021/8/10,68, ,33,6, , 
2021/8/11,52, ,33,4, , 
2021/8/12,42, ,32,2, , 
2021/8/13,51, ,41,3, , 
2021/8/14,45, ,34,2, , 
2021/8/15,30, ,29,2, , 
2021/8/16,33, ,21,3, , 
2021/8/17,27, ,21,2, , 
2021/8/18,27, ,10,2, , 
2021/8/19,19, ,28,2, , 
2021/8/20,35, ,36,3, , 
2021/8/21,45, ,38,6, , 
2021/8/22,57, ,43,2, , 
2021/8/23,65, ,40,4, , 
2021/8/24,60, ,54,5, , 
2021/8/25,58, ,43,4, , 
2021/8/26,56, ,41,4, , 
2021/8/27,53, ,40,3, , 
2021/8/28,62, ,33,4, , 
2021/8/29,67, ,36,2, , 
2021/8/30,47, ,30,2, , 
2021/8/31,41, ,26,3, , 
2021/9/1,36, ,25,1, , 
2021/7/2,28, ,27,1, , 
2021/7/3,25, ,31,1, , 
2021/7/4,32, ,38,3, , 
2021/7/5,73, ,28,3, , 
2021/7/6,116, ,42,3, , 
2021/7/7,77, ,39,5, , 
2021/7/8,82, ,23,4, , 
2021/7/9,34, ,32,2, , 
2021/7/10,32, ,36,2, , 
2021/7/11,42, ,26,2, , 
2021/7/12,35, ,15,3, , 
2021/7/13,31, ,27,3, , 
2021/7/14,34, ,37,3, , 
2021/7/15,32, ,42,3, , 
2021/7/16,43, ,32,2, , 
2021/7/17,51, ,39,2, , 
2021/7/18,29, ,30,1, , 
2021/7/19,44, , , , , 
2021/7/20,80, ,50,5, , 
2021/7/21,104, ,42,3, , 
2021/7/22,72, ,39,5, , 
2021/7/23,41, ,45,5, , 
2021/7/24,43, ,48,3, , 
2021/7/25,63, ,43,3, , 
2021/7/26,65, ,53,4, , 
2021/7/27,55, ,54,6, , 
2021/7/28,74, ,57,6, , 
2021/7/29,69, ,41,4, , 
2021/7/30,68, ,40,3, , 
2021/7/31,47, ,40,2, , 
2021/8/1,29, ,43,2, , 
2021/6/2,57, ,31,9, , 
2021/6/3,52, ,28,5, , 
2021/6/4,34, ,48,3, , 
2021/6/5,39, ,56,4, , 
2021/6/6,58, ,44,4, , 
2021/6/7,81, ,18,3, , 
2021/6/8,72, ,29,3, , 
2021/6/9,41, ,34,3, , 
2021/6/10,38, ,30,4, , 
2021/6/11,40, ,24,2, , 
2021/6/12,32, ,45,3, , 
2021/6/13,47, ,38,4, , 
2021/6/14,49, ,34,3, , 
2021/6/15,43, ,33,2, , 
2021/6/16,25, ,40,3, , 
2021/6/17,20, ,47,5, , 
2021/6/18,44, ,43,5, , 
2021/6/19,60, ,38,2, , 
2021/6/20,39, ,33,3, , 
2021/6/21,56, ,31,4, , 
2021/6/22,50, ,32,1, , 
2021/6/23,17, ,33,4, , 
2021/6/24,43, ,37,6, , 
2021/6/25,34, ,45,4, , 
2021/6/26,42, ,40,4, , 
2021/6/27,46, ,32,4, , 
2021/6/28,45, ,33,4, , 
2021/6/29,42, ,35,4, , 
2021/6/30,46, ,30,4, , 
2021/7/1,32, ,25,3, , 
2021/5/2,15, ,44,6, , 
2021/5/3,30, ,24,5, , 
2021/5/4,28, ,29,6, , 
2021/5/5,25, ,19,7, , 
2021/5/6,22, ,29,5, , 
2021/5/7,27, ,29,5, , 
2021/5/8,35, ,32,2, , 
2021/5/9,22, ,22,4, , 
2021/5/10,25, ,34,3, , 
2021/5/11,23, ,24,7, , 
2021/5/12,23, ,30,5, , 
2021/5/13,18, ,35,7, , 
2021/5/14,26, ,40,7, , 
2021/5/15,38, ,43,6, , 
2021/5/16,56, ,47,7, , 
2021/5/17,59, ,49,9, , 
2021/5/18,55, ,47,7, , 
2021/5/19,44, ,48,9, , 
2021/5/20,52, ,48,8, , 
2021/5/21,43, ,49,8, , 
2021/5/22,51, ,29,4, , 
2021/5/23,69, ,45,6, , 
2021/5/24,49, ,30,7, , 
2021/5/25,48, ,49,4, , 
2021/5/26,48, ,38,5, , 
2021/5/27,67, ,35,3, , 
2021/5/28,23, ,24,6, , 
2021/5/29,27, ,16,1, , 
2021/5/30,17, ,16,1, , 
2021/5/31,25, ,37,2, , 
2021/6/1,44, ,41,6, , 
2021/4/2,19, , , , , 
2021/4/3,23, , , , , 
2021/4/4,44, , , , , 
2021/4/5,35, , , , , 
2021/4/6,54, , , , , 
2021/4/7,62, ,42,7, , 
2021/4/8,69, ,48,7, , 
2021/4/9,61, ,38,4, , 
2021/4/10,29, ,35,4, , 
2021/4/11,34, ,36,1, , 
2021/4/12,20, ,26,2, , 
2021/4/13,23, ,41,6, , 
2021/4/14,43, ,38,8, , 
2021/4/15,35, ,21,3, , 
2021/4/16,26, ,23,1, , 
2021/4/17,25, ,26,3, , 
2021/4/18,39, ,36,5, , 
2021/4/19,56, ,39,7, , 
2021/4/20,38, ,41,3, , 
2021/4/21,39, ,33,1, , 
2021/4/22,20, ,35,1, , 
2021/4/23,26, ,44,6, , 
2021/4/24,48, ,38,7, , 
2021/4/25,45, ,37,2, , 
2021/4/26,44, ,37,6, , 
2021/4/27,26, ,48,8, , 
2021/4/28,39, ,36,8, , 
2021/4/29,58, ,26,3, , 
2021/4/30,27, ,32,1, , 
2021/5/1,20, ,37,4, , 
2021/3/2,26, ,31,5, , 
2021/3/3,25, ,34,12, , 
2021/3/4,46, ,31,4, , 
2021/3/5,39, ,32,2, , 
2021/3/6,18, ,33,3, , 
2021/3/7,24, ,34,10, , 
2021/3/8,31, ,35,12, , 
2021/3/9,46, ,45,14, , 
2021/3/10,64, ,46,14, , 
2021/3/11,67, ,36,11, , 
2021/3/12,63, ,36,3, , 
2021/3/13,21, ,36,5, , 
2021/3/14,20, ,36,7, , 
2021/3/15,29, ,32,2, , 
2021/3/16,21, ,31,9, , 
2021/3/17,39, , , , , 
2021/3/18,48, , , , , 
2021/3/19,27, , , , , 
2021/3/20,17, , , , , 
2021/3/21,24, , , , , 
2021/3/22,24, , , , , 
2021/3/23,26, , , , , 
2021/3/24,22, , , , , 
2021/3/25,27, , , , , 
2021/3/26,47, , , , , 
2021/3/27,25, , , , , 
2021/3/28,66, , , , , 
2021/3/29,31, , , , , 
2021/3/30,23, , , , , 
2021/2/2,5, , , , , 
2021/1/5,39, ,16,5, , 
2021/1/6,38, ,26,3, , 
2021/1/7,47, ,23,6, , 
2021/1/8,30, ,15,10, , 
2021/1/9,33, ,22,7, , 
2021/1/10,49, ,20,12, , 
2021/1/11,57, ,23,10, , 
2021/1/12,73, ,24,7, , 
2021/1/13,64, ,24,19, , 
2021/1/14,51, ,28,12, , 
2021/1/15,41, ,24,13, , 
2021/1/16,32, ,21,9, , 
2021/1/17,44, ,16,4, , 
2021/1/18,27, ,24,2, , 
2021/1/19,24, ,27,6, , 
2021/1/20,37, ,26,5, , 
2021/1/21,32, ,28,6, , 
2021/1/22,32, ,25,4, , 
2021/1/23,31, , , , , 
2021/1/24,33, , , , , 
2021/1/25,44, , , , , 
2021/1/26,53, , , , , 
2021/1/27,30, ,28,3, , 
2021/1/28,29, ,29,2, , 
2021/1/29,18, ,29,5, , 
2021/1/30,26, ,5,18, , 
2021/1/31,38, , , , , 
2020/10/2,20, ,15,3, , 
2020/10/3,28, ,22,4, , 
2020/10/4,49, ,20,4, , 
2020/10/5,33, ,23,3, , 
2020/10/6,31, ,31,5, , 
2020/10/7,40, ,40,5, , 
2020/10/8,35, ,23,6, , 
2020/10/9,27, ,33,7, , 
2020/10/10,54, ,30,4, , 
2020/10/11,49, ,18,4, , 
2020/10/12,37, ,19,2, , 
2020/10/13,12, ,28,3, , 
2020/10/14,20, ,32,6, , 
2020/10/15,41, ,35,6, , 
2020/10/16,37, ,21,3, , 
2020/10/17,22, ,31,5, , 
2020/10/18,55, ,28,7, , 
2020/10/19,31, ,8,11, , 
2020/10/20,47, ,16,6, , 
2020/10/21,52, ,28,4, , 
2020/10/22,51, ,21,8, , 
2020/10/23,48, ,30,6, , 
2020/10/24,47, ,10,3, , 
2020/10/25,18, , , , , 
2020/10/26,15, ,12,4, , 
2020/10/27,30, ,15,4, , 
2020/10/28,32, ,6,7, , 
2020/10/29,35, ,20,4, , 
2020/10/30,20, ,16,1, , 
2020/10/31,22, ,23,5, , 
2020/11/1,30, ,23,8, , 
2020/11/2,30, ,25,1, , 
2020/11/3,18, ,26,5, , 
2020/11/4,41, ,31,12, , 
2020/11/5,42, ,34,11, , 
2020/11/6,54, ,33,10, , 
2020/11/7,63, ,28,12, , 
2020/11/8,79, ,27,11, , 
2020/11/9,76, ,20,12, , 
2020/11/10,39, ,22,10, , 
2020/11/11,37, ,14,14, , 
2020/11/12,38, ,20,6, , 
2020/11/13,34, ,23,8, , 
2020/11/14,54, , ,8, , 
2020/11/15,47, , ,7, , 
2020/11/16,26, ,29,1, , 
2020/11/17,19, , , , , 
2020/11/18,23, , , , , 
2020/11/19,31, ,21,13, , 
2020/11/20,35, ,33,8, , 
2020/11/21,36, ,11,9, , 
2020/11/22,52, ,20,6, , 
2020/11/23,44, ,20,3, , 
2020/11/24,31, ,18,10, , 
2020/11/25,30, ,13,13, , 
2020/11/26,40, ,20,1, , 
2020/11/27,23, ,17,3, , 
2020/11/28,32, ,21,5, , 
2020/11/29,41, ,18,9, , 
2020/11/30,63, ,17,6, , 
2020/12/1,20, ,18,3, , 
2020/12/2,16, ,21,4, , 
2020/12/3,35, ,18,8, , 
2020/12/4,25, ,14,12, , 
2020/12/5,32, ,22,3, , 
2020/12/6,32, ,23,1, , 
2020/12/7,18, ,24,3, , 
2020/12/8,22, ,21,3, , 
2020/12/9,27, ,16,9, , 
2020/12/10,41, ,16,11, , 
2020/12/11,77, ,30,11, , 
2020/12/12,58, ,29,9, , 
2020/12/13,46, ,17,2, , 
2020/12/14,27, ,20,4, , 
2020/12/15,34, ,18,6, , 
2020/12/16,24, ,19,4, , 
2020/12/17,22, ,8,9, , 
2020/12/18,48, ,17,8, , 
2020/12/19,58, ,13,11, , 
2020/12/20,46, ,16,12, , 
2020/12/21,32, ,17,8, , 
2020/12/22,35, ,15,2, , 
2020/12/23,38, ,16,13, , 
2020/12/24,32, ,19,8, , 
2020/12/25,21, ,17,1, , 
2020/12/26,28, ,22,3, , 
2020/12/27,35, ,19,14, , 
2020/12/28,38, ,24,4, , 
2020/12/29,33, ,29,7, , 
2020/12/30,29, , ,9, , 
2020/12/31,30, , ,5, , 
2021/1/1,44, , ,5, , 
2021/1/2,25, , ,2, , 
2021/1/3,19, , ,4, , 
2021/1/4,26, ,12,3, , 
2020/7/2,27, ,36,4, , 
2020/7/3,49, ,36,3, , 
2020/7/4,60, ,39,2, , 
2020/7/5,53, ,43,4, , 
2020/7/6,63, ,58,5, , 
2020/7/7,67, ,41,5, , 
2020/7/8,60, ,43,4, , 
2020/7/9,53, ,37,5, , 
2020/7/10,53, ,39,4, , 
2020/7/11,41, ,28,3, , 
2020/7/12,29, ,36,2, , 
2020/7/13,46, ,34,3, , 
2020/7/14,38, ,36,4, , 
2020/7/15,30, ,52,7, , 
2020/7/16,39, ,36,7, , 
2020/7/17,49, ,41,3, , 
2020/7/18,34, ,46,5, , 
2020/7/19,58, ,39,3, , 
2020/7/20,55, ,39,1, , 
2020/7/21,34, ,40,7, , 
2020/7/22,43, ,34,6, , 
2020/7/23,36, ,29,2, , 
2020/7/24,36, ,38,3, , 
2020/7/25,34, ,42,4, , 
2020/7/26,35, ,42,3, , 
2020/7/27,59, ,32,3, , 
2020/7/28,42, ,35,3, , 
2020/7/29,29, ,46,6, , 
2020/7/30,44, ,42,6, , 
2020/7/31,59, ,42,2, , 
2020/8/1,40, ,25,4, , 
2020/8/2,35, ,29,3, , 
2020/8/3,16, ,36,3, , 
2020/8/4,34, ,33,5, , 
2020/8/5,29, ,38,5, , 
2020/8/6,36, ,12,7, , 
2020/8/7,36, ,50,4, , 
2020/8/8,46, ,47,3, , 
2020/8/9,38, ,53,3, , 
2020/8/10,63, ,48,6, , 
2020/8/11,68, ,33,7, , 
2020/8/12,50, ,50,5, , 
2020/8/13,31, ,34,6, , 
2020/8/14,40, ,42,5, , 
2020/8/15,42, ,24,2, , 
2020/8/16,40, ,28,2, , 
2020/8/17,40, ,37,4, , 
2020/8/18,35, ,36,4, , 
2020/8/19,36, ,28,4, , 
2020/8/20,20, ,36,7, , 
2020/8/21,31, ,35,7, , 
2020/8/22,68, ,37,3, , 
2020/8/23,54, ,34,2, , 
2020/8/24,41, ,28,4, , 
2020/8/25,47, ,40,4, , 
2020/8/26,51, ,36,4, , 
2020/8/27,50, ,28,5, , 
2020/8/28,48, ,18,3, , 
2020/8/29,35, ,30,4, , 
2020/8/30,26, ,25,4, , 
2020/8/31,26, ,22,5, , 
2020/9/1,23, ,29,3, , 
2020/9/2,23, ,18,3, , 
2020/9/3,33, ,20,5, , 
2020/9/4,20, ,32,2, , 
2020/9/5,21, ,31,3, , 
2020/9/6,37, ,13,2, , 
2020/9/7,40, , , , , 
2020/9/8,43, ,32,6, , 
2020/9/9,37, ,32,6, , 
2020/9/10,30, ,39,5, , 
2020/9/11,86, ,30,3, , 
2020/9/12,58, ,26,2, , 
2020/9/13,25, ,14,1, , 
2020/9/14,20, ,23,3, , 
2020/9/15,28, ,20,4, , 
2020/9/16,20, ,29,5, , 
2020/9/17,39, ,29,6, , 
2020/9/18,62, ,24,2, , 
2020/9/19,37, ,27,3, , 
2020/9/20,22, ,30,4, , 
2020/9/21,26, ,29,6, , 
2020/9/22,22, ,37,7, , 
2020/9/23,40, ,44,8, , 
2020/9/24,66, ,26,8, , 
2020/9/25,68, ,39,10, , 
2020/9/26,61, , , , , 
2020/9/27,44, , , , , 
2020/9/28,37, ,27,5, , 
2020/9/29,37, ,15,2, , 
2020/9/30,24, ,21,3, , 
2020/10/1,23, ,26,2, , 
2020/4/2,22, ,37,2, , 
2020/4/3,22, ,39,5, , 
2020/4/4,19, ,34,5, , 
2020/4/5,31, ,39,5, , 
2020/4/6,56, ,36,4, , 
2020/4/7,28, ,26,11, , 
2020/4/8,52, ,37,5, , 
2020/4/9,30, ,32,4, , 
2020/4/10,24, ,33,1, , 
2020/4/11,19, ,38,3, , 
2020/4/12,28, ,39,6, , 
2020/4/13,40, ,29,5, , 
2020/4/14,16, ,33,1, , 
2020/4/15,29, ,37,3, , 
2020/4/16,32, ,34,2, , 
2020/4/17,37, ,34,9, , 
2020/4/18,43, ,38,5, , 
2020/4/19,36, ,37,4, , 
2020/4/20,35, ,38,5, , 
2020/4/21,21, ,35,5, , 
2020/4/22,23, ,35,2, , 
2020/4/23,27, ,34,5, , 
2020/4/24,34, ,26,4, , 
2020/4/25,33, ,36,4, , 
2020/4/26,36, ,28,1, , 
2020/4/27,14, ,34,3, , 
2020/4/28,20, ,31,4, , 
2020/4/29,40, ,44,8, , 
2020/4/30,34, ,38,2, , 
2020/5/1,14, ,25,1, , 
2020/5/2,24, ,38,4, , 
2020/5/3,41, ,38,3, , 
2020/5/4,45, ,27,2, , 
2020/5/5,16, ,26,3, , 
2020/5/6,15, ,30,3, , 
2020/5/7,26, ,41,5, , 
2020/5/8,29, ,27,4, , 
2020/5/9,26, ,29,3, , 
2020/5/10,16, ,40,3, , 
2020/5/11,22, ,22,1, , 
2020/5/12,23, ,34,3, , 
2020/5/13,23, ,45,9, , 
2020/5/14,32, ,34,9, , 
2020/5/15,42, ,37,5, , 
2020/5/16,40, ,37,1, , 
2020/5/17,23, ,33,5, , 
2020/5/18,33, ,31,3, , 
2020/5/19,27, ,38,2, , 
2020/5/20,23, ,38,1, , 
2020/5/21,20, ,30,2, , 
2020/5/22,35, ,21,4, , 
2020/5/23,27, ,35,3, , 
2020/5/24,36, ,30,4, , 
2020/5/25,45, ,34,1, , 
2020/5/26,39, ,31,5, , 
2020/5/27,26, ,25,4, , 
2020/5/28,24, ,23,2, , 
2020/5/29,26, ,31,2, , 
2020/5/30,63, ,32,1, , 
2020/5/31,24, ,33,2, , 
2020/6/1,51, ,15,4, , 
2020/6/2,28, , ,5, , 
2020/6/3,49, , ,2, , 
2020/6/4,43, , ,3, , 
2020/6/5,83, , ,2, , 
2020/6/6,44, ,43,2, , 
2020/6/7,42, ,35,2, , 
2020/6/8,26, ,41,7, , 
2020/6/9,33, ,41,7, , 
2020/6/10,54, ,32,5, , 
2020/6/11,35, ,28,3, , 
2020/6/12,24, ,39,5, , 
2020/6/13,35, ,33,3, , 
2020/6/14,26, ,30,1, , 
2020/6/15,31, ,37,3, , 
2020/6/16,36, ,46,6, , 
2020/6/17,37, ,37,5, , 
2020/6/18,39, ,26,4, , 
2020/6/19,26, ,27,5, , 
2020/6/20,31, ,43,3, , 
2020/6/21,46, ,40,3, , 
2020/6/22,50, ,32,6, , 
2020/6/23,44, ,29,1, , 
2020/6/24,32, ,36,2, , 
2020/6/25,30, ,38,3, , 
2020/6/26,40, ,44,3, , 
2020/6/27,41, ,22,3, , 
2020/6/28,38, ,10,2, , 
2020/6/29,38, ,41,7, , 
2020/6/30,40, ,37,5, , 
2020/7/1,40, ,36,4, , 
2020/1/2,21, , , , , 
2020/1/3,39, , , , , 
2020/1/4,28, , , , , 
2020/1/5,27, , , , , 
2020/1/6,24, , , , , 
2020/1/7,26, , , , , 
2020/1/8,35, , , , , 
2020/1/9,29, , , , , 
2020/1/10,25, , , , , 
2020/1/11,44, , , , , 
2020/1/12,28, , , , , 
2020/1/13,12, , , , , 
2020/1/14,35, , , , , 
2020/1/15,43, , , , , 
2020/1/16,55, , , , , 
2020/1/17,33, , , , , 
2020/1/18,17, , , , , 
2020/1/19,26, , , , , 
2020/1/20,39, , , , , 
2020/1/21,41, , , , , 
2020/1/22,38, , , , , 
2020/1/23,82, , , , , 
2020/1/24,64, , , , , 
2020/1/25,32, , , , , 
2020/1/26,18, , , , , 
2020/1/27,17, , , , , 
2020/1/28,38, , , , , 
2020/1/29,35, , , , , 
2020/1/30,25, , , , , 
2020/1/31,51, , , , , 
2020/2/1,62, , , , , 
2020/2/2,62, , , , , 
2020/2/3,29, , , , , 
2020/2/4,33, , , , , 
2020/2/5,29, , , , , 
2020/2/6,20, , , , , 
2020/2/7,27, , , , , 
2020/2/8,24, , , , , 
2020/2/9,42, , , , , 
2020/2/10,37, , , , , 
2020/2/11,17, , , , , 
2020/2/12,41, , , , , 
2020/2/13,48, , , , , 
2020/2/14,31, , , , , 
2020/2/15,24, , , , , 
2020/2/16,40, , , , , 
2020/2/17,34, , , , , 
2020/2/18,46, , , , , 
2020/2/19,33, , , , , 
2020/2/20,37, , , , , 
2020/2/21,31, , , , , 
2020/2/22,34, , , , , 
2020/2/23,39, , , , , 
2020/2/24,41, , , , , 
2020/2/25,51, ,14,11, , 
2020/2/26,42, ,23,6, , 
2020/2/27,37, ,31,1, , 
2020/2/28,22, ,31,2, , 
2020/2/29,39, ,31,1, , 
2020/3/1,28, , , , , 
2020/3/2,33, ,39,2, , 
2020/3/3,60, ,31,7, , 
2020/3/4,24, ,33,2, , 
2020/3/5,21, ,31,9, , 
2020/3/6,37, ,24,8, , 
2020/3/7,40, ,31,3, , 
2020/3/8,27, ,32,8, , 
2020/3/9,41, ,38,12, , 
2020/3/10,57, ,30,4, , 
2020/3/11,33, ,24,7, , 
2020/3/12,52, ,31,7, , 
2020/3/13,48, ,34,4, , 
2020/3/14,28, ,28,4, , 
2020/3/15,27, ,29,3, , 
2020/3/16,31, ,28,7, , 
2020/3/17,24, ,18,6, , 
2020/3/18,40, ,24,6, , 
2020/3/19,39, ,16,7, , 
2020/3/20,27, ,29,6, , 
2020/3/21,22, ,28,1, , 
2020/3/22,23, ,33,2, , 
2020/3/23,31, ,31,3, , 
2020/3/24,24, ,27,4, , 
2020/3/25,37, ,27,3, , 
2020/3/26,20, ,38,7, , 
2020/3/27,38, ,31,7, , 
2020/3/28,46, ,29,5, , 
2020/3/29,49, ,37,7, , 
2020/3/30,20, ,33,5, , 
2020/3/31,15, ,23,2, , 
2020/4/1,24, ,33,3, , 
2019/10/2,60, , , , , 
2019/10/3,58, , , , , 
2019/10/4,48, , , , , 
2019/10/5,17, , , , , 
2019/10/6,18, , , , , 
2019/10/7,39, , , , , 
2019/10/8,23, , , , , 
2019/10/9,26, , , , , 
2019/10/10,27, , , , , 
2019/10/11,24, , , , , 
2019/10/12,22, , , , , 
2019/10/13,26, , , , , 
2019/10/14,39, , , , , 
2019/10/15,35, , , , , 
2019/10/16,26, , , , , 
2019/10/17,28, , , , , 
2019/10/18,19, , , , , 
2019/10/19,29, , , , , 
2019/10/20,36, , , , , 
2019/10/21,36, , , , , 
2019/10/22,33, , , , , 
2019/10/23,24, , , , , 
2019/10/24,28, , , , , 
2019/10/25,43, , , , , 
2019/10/26,62, , , , , 
2019/10/27,47, , , , , 
2019/10/28,24, , , , , 
2019/10/29,38, , , , , 
2019/10/30,40, , , , , 
2019/10/31,44, , , , , 
2019/11/1,21, , , , , 
2019/11/2,28, , , , , 
2019/11/3,45, , , , , 
2019/11/4,30, , , , , 
2019/11/5,34, , , , , 
2019/11/6,37, , , , , 
2019/11/7,41, , , , , 
2019/11/8,35, , , , , 
2019/11/9,26, , , , , 
2019/11/10,39, , , , , 
2019/11/11,42, , , , , 
2019/11/12,55, , , , , 
2019/11/13,21, , , , , 
2019/11/14,37, , , , , 
2019/11/15,47, , , , , 
2019/11/16,69, , , , , 
2019/11/17,36, , , , , 
2019/11/18,16, , , , , 
2019/11/19,40, , , , , 
2019/11/20,94, , , , , 
2019/11/21,82, , , , , 
2019/11/22,55, , , , , 
2019/11/23,23, , , , , 
2019/11/24,30, , , , , 
2019/11/25,42, , , , , 
2019/11/26,41, , , , , 
2019/11/27,46, , , , , 
2019/11/28,28, , , , , 
2019/11/29,22, , , , , 
2019/11/30,25, , , , , 
2019/12/1,46, , , , , 
2019/12/2,25, , , , , 
2019/12/3,28, , , , , 
2019/12/4,24, , , , , 
2019/12/5,38, , , , , 
2019/12/6,33, , , , , 
2019/12/7,46, , , , , 
2019/12/8,26, , , , , 
2019/12/9,41, , , , , 
2019/12/10,31, , , , , 
2019/12/11,34, , , , , 
2019/12/12,38, , , , , 
2019/12/13,48, , , , , 
2019/12/14,36, , , , , 
2019/12/15,29, , , , , 
2019/12/16,54, , , , , 
2019/12/17,21, , , , , 
2019/12/18,26, , , , , 
2019/12/19,46, , , , , 
2019/12/20,34, , , , , 
2019/12/21,67, , , , , 
2019/12/22,81, , , , , 
2019/12/23,75, , , , , 
2019/12/24,79, , , , , 
2019/12/25,86, , , , , 
2019/12/26,81, , , , , 
2019/12/27,54, , , , , 
2019/12/28,47, , , , , 
2019/12/29,72, , , , , 
2019/12/30,48, , , , , 
2019/7/2,38, , , , , 
2019/7/3,59, , , , , 
2019/7/4,37, , , , , 
2019/7/5,67, , , , , 
2019/7/6,63, , , , , 
2019/7/7,45, , , , , 
2019/7/8,42, , , , , 
2019/7/9,47, , , , , 
2019/7/10,42, , , , , 
2019/7/11,52, , , , , 
2019/7/12,32, , , , , 
2019/7/13,37, , , , , 
2019/7/14,53, , , , , 
2019/7/15,43, , , , , 
2019/7/16,47, , , , , 
2019/7/17,37, , , , , 
2019/7/18,39, , , , , 
2019/7/19,37, , , , , 
2019/7/20,59, , , , , 
2019/7/21,60, , , , , 
2019/7/22,43, , , , , 
2019/7/23,36, , , , , 
2019/7/24,33, , , , , 
2019/7/25,46, , , , , 
2019/7/26,45, , , , , 
2019/7/27,60, , , , , 
2019/7/28,58, , , , , 
2019/7/29,62, , , , , 
2019/7/30,68, , , , , 
2019/7/31,51, , , , , 
2019/8/1,43, , , , , 
2019/8/2,47, , , , , 
2019/8/3,40, , , , , 
2019/8/4,43, , , , , 
2019/8/5,49, , , , , 
2019/8/6,58, , , , , 
2019/8/7,64, , , , , 
2019/8/8,47, , , , , 
2019/8/9,42, , , , , 
2019/8/10,34, , , , , 
2019/8/11,44, , , , , 
2019/8/12,45, , , , , 
2019/8/13,48, , , , , 
2019/8/14,46, , , , , 
2019/8/15,44, , , , , 
2019/8/16,51, , , , , 
2019/8/17,52, , , , , 
2019/8/18,54, , , , , 
2019/8/19,55, , , , , 
2019/8/20,26, , , , , 
2019/8/21,42, , , , , 
2019/8/22,38, , , , , 
2019/8/23,35, , , , , 
2019/8/24,24, , , , , 
2019/8/25,24, , , , , 
2019/8/26,28, , , , , 
2019/8/27,22, , , , , 
2019/8/28,29, , , , , 
2019/8/29,28, , , , , 
2019/8/30,30, , , , , 
2019/8/31,44, , , , , 
2019/9/1,30, , , , , 
2019/9/2,35, , , , , 
2019/9/3,30, , , , , 
2019/9/4,59, , , , , 
2019/9/5,43, , , , , 
2019/9/6,26, , , , , 
2019/9/7,38, , , , , 
2019/9/8,51, , , , , 
2019/9/9,60, , , , , 
2019/9/10,32, , , , , 
2019/9/11,47, , , , , 
2019/9/12,61, , , , , 
2019/9/13,41, , , , , 
2019/9/14,23, , , , , 
2019/9/15,26, , , , , 
2019/9/16,54, , , , , 
2019/9/17,51, , , , , 
2019/9/18,28, , , , , 
2019/9/19,25, , , , , 
2019/9/20,30, , , , , 
2019/9/21,50, , , , , 
2019/9/22,68, , , , , 
2019/9/23,73, , , , , 
2019/9/24,56, , , , , 
2019/9/25,30, , , , , 
2019/9/26,52, , , , , 
2019/9/27,40, , , , , 
2019/9/28,34, , , , , 
2019/9/29,55, , , , , 
2019/9/30,28, , , , , 
2019/10/1,45, , , , , 
2019/4/2,22, , , , , 
2019/4/3,34, , , , , 
2019/4/4,44, , , , , 
2019/4/5,51, , , , , 
2019/4/6,32, , , , , 
2019/4/7,44, , , , , 
2019/4/8,47, , , , , 
2019/4/9,36, , , , , 
2019/4/10,39, , , , , 
2019/4/11,23, , , , , 
2019/4/12,28, , , , , 
2019/4/13,38, , , , , 
2019/4/14,25, , , , , 
2019/4/15,42, , , , , 
2019/4/16,21, , , , , 
2019/4/17,33, , , , , 
2019/4/18,49, , , , , 
2019/4/19,45, , , , , 
2019/4/20,59, , , , , 
2019/4/21,58, , , , , 
2019/4/22,46, , , , , 
2019/4/23,42, , , , , 
2019/4/24,58, , , , , 
2019/4/25,34, , , , , 
2019/4/26,99, , , , , 
2019/4/27,55, , , , , 
2019/4/28,18, , , , , 
2019/4/29,31, , , , , 
2019/4/30,49, , , , , 
2019/5/1,59, , , , , 
2019/5/2,52, , , , , 
2019/5/3,46, , , , , 
2019/5/4,46, , , , , 
2019/5/5,35, , , , , 
2019/5/6,20, , , , , 
2019/5/7,40, , , , , 
2019/5/8,63, , , , , 
2019/5/9,33, , , , , 
2019/5/10,41, , , , , 
2019/5/11,46, , , , , 
2019/5/12,20, , , , , 
2019/5/13,37, , , , , 
2019/5/14,61, , , , , 
2019/5/15,27, , , , , 
2019/5/16,66, , , , , 
2019/5/17,46, , , , , 
2019/5/18,56, , , , , 
2019/5/19,56, , , , , 
2019/5/20,57, , , , , 
2019/5/21,27, , , , , 
2019/5/22,20, , , , , 
2019/5/23,35, , , , , 
2019/5/24,47, , , , , 
2019/5/25,29, , , , , 
2019/5/26,44, , , , , 
2019/5/27,42, , , , , 
2019/5/28,28, , , , , 
2019/5/29,50, , , , , 
2019/5/30,50, , , , , 
2019/5/31,28, , , , , 
2019/6/1,49, , , , , 
2019/6/2,69, , , , , 
2019/6/3,40, , , , , 
2019/6/4,26, , , , , 
2019/6/5,49, , , , , 
2019/6/6,65, , , , , 
2019/6/7,45, , , , , 
2019/6/8,44, , , , , 
2019/6/9,35, , , , , 
2019/6/10,28, , , , , 
2019/6/11,21, , , , , 
2019/6/12,20, , , , , 
2019/6/13,35, , , , , 
2019/6/14,29, , , , , 
2019/6/15,22, , , , , 
2019/6/16,50, , , , , 
2019/6/17,41, , , , , 
2019/6/18,39, , , , , 
2019/6/19,52, , , , , 
2019/6/20,58, , , , , 
2019/6/21,48, , , , , 
2019/6/22,75, , , , , 
2019/6/23,12, , , , , 
2019/6/24,23, , , , , 
2019/6/25,49, , , , , 
2019/6/26,45, , , , , 
2019/6/27,53, , , , , 
2019/6/28,53, , , , , 
2019/6/29,61, , , , , 
2019/6/30,60, , , , , 
2019/7/1,35, , , , , 
2019/1/2,22, , , , , 
2019/1/3,41, , , , , 
2019/1/4,38, , , , , 
2019/1/5,74, , , , , 
2019/1/6,52, , , , , 
2019/1/7,35, , , , , 
2019/1/8,23, , , , , 
2019/1/9,32, , , , , 
2019/1/10,24, , , , , 
2019/1/11,21, , , , , 
2019/1/12,40, , , , , 
2019/1/13,51, , , , , 
2019/1/14,54, , , , , 
2019/1/15,47, , , , , 
2019/1/16,53, , , , , 
2019/1/17,38, , , , , 
2019/1/18,37, , , , , 
2019/1/19,59, , , , , 
2019/1/20,48, , , , , 
2019/1/21,17, , , , , 
2019/1/22,33, , , , , 
2019/1/23,43, , , , , 
2019/1/24,56, , , , , 
2019/1/25,26, , , , , 
2019/1/26,34, , , , , 
2019/1/27,40, , , , , 
2019/1/28,42, , , , , 
2019/1/29,43, , , , , 
2019/1/30,45, , , , , 
2019/1/31,28, , , , , 
2019/2/1,35, , , , , 
2019/2/2,52, , , , , 
2019/2/3,90, , , , , 
2019/2/4,75, , , , , 
2019/2/5,74, , , , , 
2019/2/6,46, , , , , 
2019/2/7,50, , , , , 
2019/2/8,41, , , , , 
2019/2/9,20, , , , , 
2019/2/10,26, , , , , 
2019/2/11,46, , , , , 
2019/2/12,60, , , , , 
2019/2/13,19, , , , , 
2019/2/14,24, , , , , 
2019/2/15,32, , , , , 
2019/2/16,33, , , , , 
2019/2/17,33, , , , , 
2019/2/18,31, , , , , 
2019/2/19,41, , , , , 
2019/2/20,33, , , , , 
2019/2/21,28, , , , , 
2019/2/22,33, , , , , 
2019/2/23,64, , , , , 
2019/2/24,47, , , , , 
2019/2/25,18, , , , , 
2019/2/26,26, , , , , 
2019/2/27,31, , , , , 
2019/2/28,38, , , , , 
2019/3/1,45, , , , , 
2019/3/2,51, , , , , 
2019/3/3,65, , , , , 
2019/3/4,63, , , , , 
2019/3/5,28, , , , , 
2019/3/6,50, , , , , 
2019/3/7,45, , , , , 
2019/3/8,57, , , , , 
2019/3/9,60, , , , , 
2019/3/10,55, , , , , 
2019/3/11,32, , , , , 
2019/3/12,35, , , , , 
2019/3/13,44, , , , , 
2019/3/14,45, , , , , 
2019/3/15,39, , , , , 
2019/3/16,27, , , , , 
2019/3/17,20, , , , , 
2019/3/18,24, , , , , 
2019/3/19,33, , , , , 
2019/3/20,51, , , , , 
2019/3/21,52, , , , , 
2019/3/22,59, , , , , 
2019/3/23,36, , , , , 
2019/3/24,23, , , , , 
2019/3/25,58, , , , , 
2019/3/26,49, , , , , 
2019/3/27,26, , , , , 
2019/3/28,37, , , , , 
2019/3/29,41, , , , , 
2019/3/30,60, , , , , 
2019/3/31,57, , , , , 
2019/4/1,19, , , , , 
2018/10/2,59, , , , , 
2018/10/3,46, , , , , 
2018/10/4,41, , , , , 
2018/10/5,46, , , , , 
2018/10/6,38, , , , , 
2018/10/7,46, , , , , 
2018/10/8,59, , , , , 
2018/10/9,41, , , , , 
2018/10/10,25, , , , , 
2018/10/11,20, , , , , 
2018/10/12,28, , , , , 
2018/10/13,20, , , , , 
2018/10/14,23, , , , , 
2018/10/15,32, , , , , 
2018/10/16,28, , , , , 
2018/10/17,22, , , , , 
2018/10/18,28, , , , , 
2018/10/19,31, , , , , 
2018/10/20,53, , , , , 
2018/10/21,27, , , , , 
2018/10/22,18, , , , , 
2018/10/23,26, , , , , 
2018/10/24,26, , , , , 
2018/10/25,19, , , , , 
2018/10/26,37, , , , , 
2018/10/27,27, , , , , 
2018/10/28,20, , , , , 
2018/10/29,28, , , , , 
2018/10/30,26, , , , , 
2018/10/31,42, , , , , 
2018/11/1,48, , , , , 
2018/11/2,38, , , , , 
2018/11/3,19, , , , , 
2018/11/4,30, , , , , 
2018/11/5,32, , , , , 
2018/11/6,21, , , , , 
2018/11/7,24, , , , , 
2018/11/8,25, , , , , 
2018/11/9,43, , , , , 
2018/11/10,31, , , , , 
2018/11/11,25, , , , , 
2018/11/12,47, , , , , 
2018/11/13,62, , , , , 
2018/11/14,49, , , , , 
2018/11/15,32, , , , , 
2018/11/16,28, , , , , 
2018/11/17,44, , , , , 
2018/11/18,66, , , , , 
2018/11/19,64, , , , , 
2018/11/20,44, , , , , 
2018/11/21,43, , , , , 
2018/11/22,49, , , , , 
2018/11/23,17, , , , , 
2018/11/24,29, , , , , 
2018/11/25,31, , , , , 
2018/11/26,53, , , , , 
2018/11/27,19, , , , , 
2018/11/28,23, , , , , 
2018/11/29,38, , , , , 
2018/11/30,53, , , , , 
2018/12/1,73, , , , , 
2018/12/2,43, , , , , 
2018/12/3,27, , , , , 
2018/12/4,16, , , , , 
2018/12/5,21, , , , , 
2018/12/6,37, , , , , 
2018/12/7,37, , , , , 
2018/12/8,35, , , , , 
2018/12/9,59, , , , , 
2018/12/10,46, , , , , 
2018/12/11,61, , , , , 
2018/12/12,62, , , , , 
2018/12/13,62, , , , , 
2018/12/14,61, , , , , 
2018/12/15,62, , , , , 
2018/12/16,44, , , , , 
2018/12/17,24, , , , , 
2018/12/18,45, , , , , 
2018/12/19,32, , , , , 
2018/12/20,61, , , , , 
2018/12/21,41, , , , , 
2018/12/22,27, , , , , 
2018/12/23,31, , , , , 
2018/12/24,39, , , , , 
2018/12/25,37, , , , , 
2018/12/26,57, , , , , 
2018/12/27,48, , , , , 
2018/12/28,32, , , , , 
2018/12/29,26, , , , , 
2018/12/30,26, , , , , 
2018/12/31,36, , , , , 
2018/7/2,65, , , , , 
2018/7/3,51, , , , , 
2018/7/4,38, , , , , 
2018/7/5,47, , , , , 
2018/7/6,55, , , , , 
2018/7/7,31, , , , , 
2018/7/8,30, , , , , 
2018/7/9,32, , , , , 
2018/7/10,50, , , , , 
2018/7/11,64, , , , , 
2018/7/12,46, , , , , 
2018/7/13,42, , , , , 
2018/7/14,54, , , , , 
2018/7/15,63, , , , , 
2018/7/16,67, , , , , 
2018/7/17,59, , , , , 
2018/7/18,42, , , , , 
2018/7/19,37, , , , , 
2018/7/20,45, , , , , 
2018/7/21,49, , , , , 
2018/7/22,30, , , , , 
2018/7/23,30, , , , , 
2018/7/24,28, , , , , 
2018/7/25,23, , , , , 
2018/7/26,45, , , , , 
2018/7/27,59, , , , , 
2018/7/28,47, , , , , 
2018/7/29,33, , , , , 
2018/7/30,45, , , , , 
2018/7/31,46, , , , , 
2018/8/1,24, , , , , 
2018/8/2,46, , , , , 
2018/8/3,46, , , , , 
2018/8/4,41, , , , , 
2018/8/5,59, , , , , 
2018/8/6,70, , , , , 
2018/8/7,68, , , , , 
2018/8/8,50, , , , , 
2018/8/9,43, , , , , 
2018/8/10,51, , , , , 
2018/8/11,51, , , , , 
2018/8/12,39, , , , , 
2018/8/13,36, , , , , 
2018/8/14,45, , , , , 
2018/8/15,53, , , , , 
2018/8/16,69, , , , , 
2018/8/17,76, , , , , 
2018/8/18,60, , , , , 
2018/8/19,41, , , , , 
2018/8/20,31, , , , , 
2018/8/21,26, , , , , 
2018/8/22,39, , , , , 
2018/8/23,47, , , , , 
2018/8/24,43, , , , , 
2018/8/25,50, , , , , 
2018/8/26,49, , , , , 
2018/8/27,69, , , , , 
2018/8/28,69, , , , , 
2018/8/29,65, , , , , 
2018/8/30,48, , , , , 
2018/8/31,35, , , , , 
2018/9/1,51, , , , , 
2018/9/2,41, , , , , 
2018/9/3,32, , , , , 
2018/9/4,56, , , , , 
2018/9/5,43, , , , , 
2018/9/6,44, , , , , 
2018/9/7,50, , , , , 
2018/9/8,33, , , , , 
2018/9/9,28, , , , , 
2018/9/10,11, , , , , 
2018/9/11,19, , , , , 
2018/9/12,25, , , , , 
2018/9/13,28, , , , , 
2018/9/14,16, , , , , 
2018/9/15,20, , , , , 
2018/9/16,17, , , , , 
2018/9/17,24, , , , , 
2018/9/18,25, , , , , 
2018/9/19,38, , , , , 
2018/9/20,48, , , , , 
2018/9/21,53, , , , , 
2018/9/22,48, , , , , 
2018/9/23,26, , , , , 
2018/9/24,27, , , , , 
2018/9/25,14, , , , , 
2018/9/26,29, , , , , 
2018/9/27,32, , , , , 
2018/9/28,24, , , , , 
2018/9/29,30, , , , , 
2018/9/30,34, , , , , 
2018/10/1,48, , , , , 
2018/4/2,27, , ,11, , 
2018/4/3,40, , ,11, , 
2018/4/4,49, , ,6, , 
2018/4/5,28, , ,9, , 
2018/4/6,34, , ,8, , 
2018/4/7,30, , ,8, , 
2018/4/8,28, , ,7, , 
2018/4/9,37, , ,10, , 
2018/4/10,46, , ,13, , 
2018/4/11,51, , ,14, , 
2018/4/12,65, , ,10, , 
2018/4/13,47, , ,9, , 
2018/4/14,56, , ,12, , 
2018/4/15,75, , ,3, , 
2018/4/16,46, , ,7, , 
2018/4/17,18, , ,8, , 
2018/4/18,22, , ,10, , 
2018/4/19,33, , ,8, , 
2018/4/20,32, , ,10, , 
2018/4/21,29, , ,14, , 
2018/4/22,38, , ,6, , 
2018/4/23,35, , ,3, , 
2018/4/24,37, , ,6, , 
2018/4/25,24, , ,9, , 
2018/4/26,22, , ,9, , 
2018/4/27,31, , ,11, , 
2018/4/28,46, , ,9, , 
2018/4/29,41, , ,5, , 
2018/4/30,27, , ,19, , 
2018/5/1,48, , ,14, , 
2018/5/2,54, , ,12, , 
2018/5/3,63, , ,8, , 
2018/5/4,55, , ,7, , 
2018/5/5,52, , ,3, , 
2018/5/6,31, , ,2, , 
2018/5/7,36, , ,11, , 
2018/5/8,52, , ,7, , 
2018/5/9,51, , ,7, , 
2018/5/10,44, , ,8, , 
2018/5/11,55, , ,10, , 
2018/5/12,37, , ,8, , 
2018/5/13,63, , ,6, , 
2018/5/14,63, , ,10, , 
2018/5/15,57, , ,8, , 
2018/5/16,46, , ,7, , 
2018/5/17,47, , ,6, , 
2018/5/18,45, , ,6, , 
2018/5/19,36, , ,3, , 
2018/5/20,24, , ,5, , 
2018/5/21,38, , ,8, , 
2018/5/22,47, , ,7, , 
2018/5/23,48, , ,11, , 
2018/5/24,40, , ,14, , 
2018/5/25,65, , ,11, , 
2018/5/26,64, , ,10, , 
2018/5/27,68, , ,8, , 
2018/5/28,54, , ,7, , 
2018/5/29,70, , ,8, , 
2018/5/30,67, , ,2, , 
2018/5/31,32, , ,5, , 
2018/6/1,50, , ,7, , 
2018/6/2,56, , ,7, , 
2018/6/3,46, , ,5, , 
2018/6/4,48, , ,8, , 
2018/6/5,33, , ,10, , 
2018/6/6,41,12, ,9, ,1
2018/6/7,34,30, ,9, ,3
2018/6/8,60,35, ,12, ,4
2018/6/9,69,32, ,7, ,5
2018/6/10,73,19, ,8, ,2
2018/6/11,59,12, ,7, ,1
2018/6/12,24, , , , , 
2018/6/13,23, , , , , 
2018/6/14,40, , , , , 
2018/6/15,39, , , , , 
2018/6/16,42, , , , , 
2018/6/17,77, , , , , 
2018/6/18,55, , , , , 
2018/6/19,67, , , , , 
2018/6/20,33, , , , , 
2018/6/21,38, , , , , 
2018/6/22,43, , , , , 
2018/6/23,26, , , , , 
2018/6/24,29, , , , , 
2018/6/25,40, , , , , 
2018/6/26,31, , , , , 
2018/6/27,33, , , , , 
2018/6/28,30, , , , , 
2018/6/29,41, , , , , 
2018/6/30,72, , , , , 
2018/7/1,72, , , , , 
2018/1/2,60, , ,9, , 
2018/1/3,43, , ,21, , 
2018/1/4,71, , ,10, , 
2018/1/5,48, , ,9, , 
2018/1/6,33, , ,12, , 
2018/1/7,41, , ,19, , 
2018/1/8,81, , ,10, , 
2018/1/9,42, , ,13, , 
2018/1/10,63, , ,15, , 
2018/1/11,59, , ,7, , 
2018/1/12,32, , ,17, , 
2018/1/13,23, , ,9, , 
2018/1/14,22, , ,14, , 
2018/1/15,38, , ,13, , 
2018/1/16,42, , ,19, , 
2018/1/17,54, , ,18, , 
2018/1/18,75, , ,8, , 
2018/1/19,58, , ,6, , 
2018/1/20,42, , ,6, , 
2018/1/21,40, , ,9, , 
2018/1/22,54, , ,11, , 
2018/1/23,49, , ,6, , 
2018/1/24,30, , ,9, , 
2018/1/25,26, , ,12, , 
2018/1/26,41, , ,11, , 
2018/1/27,49, , ,16, , 
2018/1/28,48, , , , , 
2018/1/29,45, , ,14, , 
2018/1/30,46, , ,8, , 
2018/1/31,31, , ,14, , 
2018/2/1,51, , ,8, , 
2018/2/2,42, , ,7, , 
2018/2/3,40, , ,7, , 
2018/2/4,39, , ,7, , 
2018/2/5,44, , ,7, , 
2018/2/6,41, , ,14, , 
2018/2/7,56, , ,10, , 
2018/2/8,57, , ,13, , 
2018/2/9,65, , ,20, , 
2018/2/10,72, , ,20, , 
2018/2/11,69, , ,11, , 
2018/2/12,45, , ,12, , 
2018/2/13,48, , ,8, , 
2018/2/14,45, , ,11, , 
2018/2/15,48, , ,7, , 
2018/2/16,23, , ,8, , 
2018/2/17,38, , ,6, , 
2018/2/18,40, , ,6, , 
2018/2/19,43, , ,11, , 
2018/2/20,43, , ,6, , 
2018/2/21,46, , ,8, , 
2018/2/22,43, , ,7, , 
2018/2/23,23, , ,7, , 
2018/2/24,35, , ,5, , 
2018/2/25,34, , ,5, , 
2018/2/26,22, , ,12, , 
2018/2/27,33, , ,15, , 
2018/2/28,59, , ,14, , 
2018/3/1,41, , ,8, , 
2018/3/2,34, , ,3, , 
2018/3/3,22, , ,5, , 
2018/3/4,22, , ,6, , 
2018/3/5,26, , ,10, , 
2018/3/6,27, , ,8, , 
2018/3/7,45, , ,11, , 
2018/3/8,40, , ,8, , 
2018/3/9,27, , ,11, , 
2018/3/10,38, , ,15, , 
2018/3/11,53, , ,10, , 
2018/3/12,30, , ,10, , 
2018/3/13,36, , ,9, , 
2018/3/14,43, , ,8, , 
2018/3/15,30, , ,8, , 
2018/3/16,38, , ,8, , 
2018/3/17,36, , ,18, , 
2018/3/18,50, , ,21, , 
2018/3/19,40, , ,17, , 
2018/3/20,44, , ,9, , 
2018/3/21,36, , ,10, , 
2018/3/22,32, , ,12, , 
2018/3/23,29, , ,16, , 
2018/3/24,36, , ,10, , 
2018/3/25,35, , ,4, , 
2018/3/26,23, , ,4, , 
2018/3/27,29, , ,7, , 
2018/3/28,42, , ,15, , 
2018/3/29,45, , ,10, , 
2018/3/30,40, , ,9, , 
2018/3/31,27, , ,11, , 
2018/4/1,58, , ,4, , 
2017/10/2,32, , ,9, , 
2017/10/3,34, , ,9, , 
2017/10/4,39, , ,9, , 
2017/10/5,53, , ,11, , 
2017/10/6,53, , ,7, , 
2017/10/7,60, , ,6, , 
2017/10/8,46, , ,4, , 
2017/10/9,32, , ,6, , 
2017/10/10,20, , ,10, , 
2017/10/11,49, , ,7, , 
2017/10/12,45, , ,6, , 
2017/10/13,31, , ,2, , 
2017/10/14,24, , ,4, , 
2017/10/15,44, , ,6, , 
2017/10/16,51, , ,7, , 
2017/10/17,16, , ,10, , 
2017/10/18,51, , ,16, , 
2017/10/19,57, , ,13, , 
2017/10/20,60, , ,18, , 
2017/10/21,55, , ,9, , 
2017/10/22,59, , ,4, , 
2017/10/23,55, , ,4, , 
2017/10/24,38, , ,4, , 
2017/10/25,25, , ,6, , 
2017/10/26,27, , ,12, , 
2017/10/27,53, , ,7, , 
2017/10/28,44, , ,7, , 
2017/10/29,38, , ,5, , 
2017/10/30,30, , ,5, , 
2017/10/31,36, , ,7, , 
2017/11/1,32, , ,12, , 
2017/11/2,45, , ,10, , 
2017/11/3,58, , ,10, , 
2017/11/4,45, , ,3, , 
2017/11/5,39, , ,6, , 
2017/11/6,43, , ,7, , 
2017/11/7,27, , ,10, , 
2017/11/8,32, , ,11, , 
2017/11/9,28, , ,13, , 
2017/11/10,51, , ,6, , 
2017/11/11,18, , ,7, , 
2017/11/12,40, , ,15, , 
2017/11/13,60, , ,13, , 
2017/11/14,62, , ,13, , 
2017/11/15,57, , ,10, , 
2017/11/16,57, , ,7, , 
2017/11/17,33, , ,10, , 
2017/11/18,37, , ,10, , 
2017/11/19,49, , ,4, , 
2017/11/20,20, , ,7, , 
2017/11/21,48, , ,12, , 
2017/11/22,51, , , , , 
2017/11/23,24, , ,12, , 
2017/11/24,55, , ,16, , 
2017/11/25,73, , ,9, , 
2017/11/26,55, , ,5, , 
2017/11/27,26, , ,14, ,8
2017/11/28,58, , ,14, ,8
2017/11/29,54, , ,13, ,5
2017/11/30,41, , ,12, ,7
2017/12/1,49, , ,17, ,6
2017/12/2,77, , ,18, ,9
2017/12/3,87, , ,18, ,13
2017/12/4,119, , ,12, , 
2017/12/5,65, , ,9, , 
2017/12/6,42, , ,6, , 
2017/12/7,24, , ,8, , 
2017/12/8,34, , ,7, , 
2017/12/9,44, , ,11, , 
2017/12/10,48, , ,6, , 
2017/12/11,48, , ,10, , 
2017/12/12,47, , ,8, , 
2017/12/13,41, , ,9, , 
2017/12/14,29, , ,14, , 
2017/12/15,46, , ,16, , 
2017/12/16,60, , ,10, , 
2017/12/17,57, , ,17, , 
2017/12/18,76, , ,11, , 
2017/12/19,50, , ,6, , 
2017/12/20,43, , ,11, , 
2017/12/21,41, , ,10, , 
2017/12/22,32, , ,10, , 
2017/12/23,49, , ,8, , 
2017/12/24,39, , ,5, , 
2017/12/25,36, , ,3, , 
2017/12/26,40, , ,7, , 
2017/12/27,41, , ,9, , 
2017/12/28,48, , ,16, , 
2017/12/29,56, , ,14, , 
2017/12/30,59, , ,12, , 
2017/12/31,63, , ,17, , 
2018/1/1,56, , ,15, , 
2017/7/2,40, , ,6, , 
2017/7/3,44, , ,10, , 
2017/7/4,58, , ,7, , 
2017/7/5,57, , ,6, , 
2017/7/6,57, , ,6, , 
2017/7/7,51, , ,6, , 
2017/7/8,35, , ,6, , 
2017/7/9,38, , ,7, , 
2017/7/10,57, , ,9, , 
2017/7/11,61, , ,6, , 
2017/7/12,45, , ,6, , 
2017/7/13,61, , ,5, , 
2017/7/14,50, , ,9, , 
2017/7/15,54, , ,7, , 
2017/7/16,41, , ,9, , 
2017/7/17,59, , ,11, , 
2017/7/18,69, , ,12, , 
2017/7/19,62, , ,13, , 
2017/7/20,78, , ,11, , 
2017/7/21,78, , ,9, , 
2017/7/22,59, , ,4, , 
2017/7/23,52, , ,3, , 
2017/7/24,43, , ,6, , 
2017/7/25,40, , ,7, , 
2017/7/26,32, , ,8, , 
2017/7/27,46, , ,9, , 
2017/7/28,66, , ,8, , 
2017/7/29,58, , ,5, , 
2017/7/30,26, , ,5, , 
2017/7/31,52, , ,11, , 
2017/8/1,50, , ,17, , 
2017/8/2,78, , ,16, , 
2017/8/3,76, , ,8, , 
2017/8/4,56, , ,7, , 
2017/8/5,51, , ,4, , 
2017/8/6,35, , ,6, , 
2017/8/7,51, , ,9, , 
2017/8/8,47, , ,10, , 
2017/8/9,38, , ,7, , 
2017/8/10,62, , ,4, , 
2017/8/11,50, , ,9, , 
2017/8/12,63, , ,11, , 
2017/8/13,66, , ,6, , 
2017/8/14,50, , ,7, , 
2017/8/15,54, , ,9, , 
2017/8/16,63, , ,9, , 
2017/8/17,52, , ,6, , 
2017/8/18,55, , ,8, , 
2017/8/19,32, , ,7, , 
2017/8/20,51, , ,5, , 
2017/8/21,65, , ,7, , 
2017/8/22,65, , ,8, , 
2017/8/23,59, , ,10, , 
2017/8/24,39, , ,11, , 
2017/8/25,52, , ,10, , 
2017/8/26,45, , ,7, , 
2017/8/27,47, , ,2, , 
2017/8/28,54, , ,4, , 
2017/8/29,45, , ,4, , 
2017/8/30,38, , ,8, , 
2017/8/31,46, , ,12, , 
2017/9/1,57, , ,7, , 
2017/9/2,35, , , , , 
2017/9/4,39, , , , , 
2017/9/5,52, , ,10, , 
2017/9/6,80, , , , , 
2017/9/10,28, , ,4, , 
2017/9/11,26, , ,7, , 
2017/9/12,27, , ,6, , 
2017/9/13,36, , ,7, , 
2017/9/14,37, , ,6, , 
2017/9/15,36, , ,12, , 
2017/9/16,56, , ,8, , 
2017/9/17,60, , ,6, , 
2017/9/18,58, , ,10, , 
2017/9/19,64, , ,7, , 
2017/9/20,49, , ,15, , 
2017/9/21,63, , ,14, , 
2017/9/22,82, , ,13, , 
2017/9/23,53, , ,13, , 
2017/9/24,47, , ,10, , 
2017/9/25,52, , ,11, , 
2017/9/26,61, , ,13, , 
2017/9/27,65, , ,14, , 
2017/9/28,81, , ,7, , 
2017/9/29,20, , ,10, , 
2017/9/30,43, , ,4, , 
2017/10/1,22, , ,4, , 
2017/4/2,18, , , , , 
2017/4/3,32, , , , , 
2017/4/4,30, , , , , 
2017/4/5,23, , , , , 
2017/4/6,19, , , , , 
2017/4/7,19, , , , , 
2017/4/8,16, , , , , 
2017/4/9,29, , , , , 
2017/4/10,48, , , , , 
2017/4/11,50, , , , , 
2017/4/12,41, , , , , 
2017/4/13,31, , , , , 
2017/4/14,28, , , , , 
2017/4/15,37, , , , , 
2017/4/16,58, , , , , 
2017/4/17,37, , , , , 
2017/4/18,23, , , , , 
2017/4/19,23, , , , , 
2017/4/20,34, , ,8, , 
2017/4/21,41, , ,7, , 
2017/4/22,39, , ,6, , 
2017/4/23,22, , ,4, , 
2017/4/24,17, , ,7, , 
2017/4/25,27, , ,7, , 
2017/4/26,23, , ,6, , 
2017/4/27,29, , ,5, , 
2017/4/28,45, , ,9, , 
2017/4/29,39, , ,7, , 
2017/4/30,40, , ,4, , 
2017/5/1,51, , ,6, , 
2017/5/2,41, , ,4, , 
2017/5/3,18, , ,7, , 
2017/5/4,25, , ,4, , 
2017/5/5,32, , ,7, , 
2017/5/6,19, , ,4, , 
2017/5/7,17, , ,3, , 
2017/5/8,23, , ,10, , 
2017/5/9,23, , ,14, , 
2017/5/10,44, , ,16, , 
2017/5/11,51, , ,12, , 
2017/5/12,43, , ,7, , 
2017/5/13,23, , ,8, , 
2017/5/14,29, , ,6, , 
2017/5/15,48, , ,8, , 
2017/5/16,23, , ,10, , 
2017/5/17,52, , ,10, , 
2017/5/18,69, , ,12, , 
2017/5/19,70, , ,11, , 
2017/5/20,56, , ,6, , 
2017/5/21,43, , ,2, , 
2017/5/22,37, , ,9, , 
2017/5/23,35, , ,7, , 
2017/5/24,37, , ,4, , 
2017/5/25,32, , ,6, , 
2017/5/26,18, , ,9, , 
2017/5/27,28, , ,7, , 
2017/5/28,46, , ,3, , 
2017/5/29,59, , ,4, , 
2017/5/30,35, , ,8, , 
2017/5/31,49, , ,8, , 
2017/6/1,46, , ,11, , 
2017/6/2,42, , ,12, , 
2017/6/3,55, , ,11, , 
2017/6/4,56, , ,8, , 
2017/6/5,70, , ,8, , 
2017/6/6,56, , ,7, , 
2017/6/7,26, , ,8, , 
2017/6/8,24, , ,10, , 
2017/6/9,30, , ,15, , 
2017/6/10,54, , ,5, , 
2017/6/11,58, , ,6, , 
2017/6/12,63, , ,10, , 
2017/6/13,70, , ,11, , 
2017/6/14,71, , ,10, , 
2017/6/15,62, , ,9, , 
2017/6/16,54, , ,9, , 
2017/6/17,49, , ,4, , 
2017/6/18,41, , ,4, , 
2017/6/19,39, , ,7, , 
2017/6/20,34, , ,6, , 
2017/6/21,28, , ,13, , 
2017/6/22,56, , ,6, , 
2017/6/23,63, , ,5, , 
2017/6/24,25, , ,5, , 
2017/6/25,35, , ,7, , 
2017/6/26,36, , ,8, , 
2017/6/27,27, , ,7, , 
2017/6/28,22, , ,7, , 
2017/6/29,71, , ,8, , 
2017/6/30,59, , ,5, , 
2017/7/1,48, , ,5, , 
2017/1/3,21, , , , , 
2017/1/4,26, , , , , 
2017/1/5,20, , , , , 
2017/1/6,26, , , , , 
2017/1/7,54, , , , , 
2017/1/8,61, , , , , 
2017/1/9,42, , , , , 
2017/1/10,45, , , , , 
2017/1/11,32, , , , , 
2017/1/12,32, , , , , 
2017/1/13,30, , , , , 
2017/1/14,31, , , , , 
2017/1/15,43, , , , , 
2017/1/16,58, , , , , 
2017/1/17,68, , , , , 
2017/1/18,45, , , , , 
2017/1/19,23, , , , , 
2017/1/20,35, , , , , 
2017/1/21,42, , , , , 
2017/1/22,42, , , , , 
2017/1/23,40, , , , , 
2017/1/24,17, , , , , 
2017/1/25,32, , , , , 
2017/1/26,31, , , , , 
2017/1/27,21, , , , , 
2017/1/28,22, , , , , 
2017/1/29,37, , , , , 
2017/1/30,32, , , , , 
2017/1/31,35, , , , , 
2017/2/1,30, , , , , 
2017/2/2,33, , , , , 
2017/2/3,33, , , , , 
2017/2/4,49, , , , , 
2017/2/5,32, , , , , 
2017/2/6,53, , , , , 
2017/2/7,59, , , , , 
2017/2/8,38, , , , , 
2017/2/9,32, , , , , 
2017/2/10,23, , , , , 
2017/2/11,44, , , , , 
2017/2/12,43, , , , , 
2017/2/13,40, , , , , 
2017/2/14,29, , , , , 
2017/2/15,44, , , , , 
2017/2/16,29, , , , , 
2017/2/17,37, , , , , 
2017/2/18,63, , , , , 
2017/2/19,59, , , , , 
2017/2/20,59, , , , , 
2017/2/21,69, , , , , 
2017/2/22,44, , , , , 
2017/2/23,70, , , , , 
2017/2/24,51, , , , , 
2017/2/25,42, , , , , 
2017/2/26,50, , , , , 
2017/2/28,39, , , , , 
2017/3/1,41, , , , , 
2017/3/2,28, , , , , 
2017/3/3,24, , , , , 
2017/3/4,32, , , , , 
2017/3/5,33, , , , , 
2017/3/6,27, , , , , 
2017/3/7,50, , , , , 
2017/3/9,12, , , , , 
2017/3/10,22, , , , , 
2017/3/11,21, , , , , 
2017/3/12,23, , , , , 
2017/3/13,33, , , , , 
2017/3/14,35, , , , , 
2017/3/15,29, , , , , 
2017/3/16,24, , , , , 
2017/3/17,43, , , , , 
2017/3/18,70, , , , , 
2017/3/19,52, , , , , 
2017/3/20,50, , , , , 
2017/3/21,55, , , , , 
2017/3/22,44, , , , , 
2017/3/23,19, , , , , 
2017/3/24,30, , , , , 
2017/3/25,56, , , , , 
2017/3/26,61, , , , , 
2017/3/27,56, , , , , 
2017/3/28,34, , , , , 
2017/3/29,48, , , , , 
2017/3/30,24, , , , , 
2017/3/31,27, , , , , 
2017/4/1,33, , , , , 
2016/10/2,25, , , , , 
2016/10/3,43, , , , , 
2016/10/4,40, , , , , 
2016/10/5,38, , , , , 
2016/10/6,24, , , , , 
2016/10/7,28, , , , , 
2016/10/8,22, , , , , 
2016/10/9,23, , , , , 
2016/10/10,18, , , , , 
2016/10/11,27, , , , , 
2016/10/12,30, , , , , 
2016/10/13,53, , , , , 
2016/10/14,37, , , , , 
2016/10/15,35, , , , , 
2016/10/16,43, , , , , 
2016/10/17,54, , , , , 
2016/10/18,48, , , , , 
2016/10/19,50, , , , , 
2016/10/20,47, , , , , 
2016/10/21,40, , , , , 
2016/10/22,18, , , , , 
2016/10/23,17, , , , , 
2016/10/24,31, , , , , 
2016/10/25,29, , , , , 
2016/10/26,24, , , , , 
2016/10/27,36, , , , , 
2016/10/28,41, , , , , 
2016/10/29,23, , , , , 
2016/10/30,52, , , , , 
2016/10/31,41, , , , , 
2016/11/1,28, , , , , 
2016/11/2,52, , , , , 
2016/11/3,68, , , , , 
2016/11/4,38, , , , , 
2016/11/5,30, , , , , 
2016/11/6,69, , , , , 
2016/11/7,58, , , , , 
2016/11/8,31, , , , , 
2016/11/9,70, , , , , 
2016/11/10,46, , , , , 
2016/11/11,32, , , , , 
2016/11/12,26, , , , , 
2016/11/13,42, , , , , 
2016/11/14,68, , , , , 
2016/11/15,68, , , , , 
2016/11/16,70, , , , , 
2016/11/17,80, , , , , 
2016/11/18,72, , , , , 
2016/11/19,63, , , , , 
2016/11/20,44, , , , , 
2016/11/21,14, , , , , 
2016/11/22,23, , , , , 
2016/11/23,42, , , , , 
2016/11/24,58, , , , , 
2016/11/25,60, , , , , 
2016/11/26,32, , , , , 
2016/11/27,35, , , , , 
2016/11/28,42, , , , , 
2016/11/29,49, , , , , 
2016/11/30,39, , , , , 
2016/12/1,30, , , , , 
2016/12/2,25, , , , , 
2016/12/3,22, , , , , 
2016/12/4,31, , , , , 
2016/12/5,36, , , , , 
2016/12/6,36, , , , , 
2016/12/7,27, , , , , 
2016/12/8,36, , , , , 
2016/12/9,30, , , , , 
2016/12/10,41, , , , , 
2016/12/11,45, , , , , 
2016/12/12,43, , , , , 
2016/12/13,45, , , , , 
2016/12/14,66, , , , , 
2016/12/15,45, , , , , 
2016/12/16,43, , , , , 
2016/12/17,39, , , , , 
2016/12/18,45, , , , , 
2016/12/19,27, , , , , 
2016/12/20,41, , , , , 
2016/12/21,58, , , , , 
2016/12/22,55, , , , , 
2016/12/23,56, , , , , 
2016/12/24,52, , , , , 
2016/12/25,39, , , , , 
2016/12/26,46, , , , , 
2016/12/27,42, , , , , 
2016/12/28,20, , , , , 
2016/12/29,29, , , , , 
2016/12/30,30, , , , , 
2016/12/31,20, , , , , 
2017/1/1,30, , , , , 
2017/1/2,46, , , , , 
2016/7/2,66, , , , , 
2016/7/3,23, , , , , 
2016/7/4,49, , , , , 
2016/7/5,48, , , , , 
2016/7/6,35, , , , , 
2016/7/7,46, , , , , 
2016/7/8,45, , , , , 
2016/7/9,40, , , , , 
2016/7/10,33, , , , , 
2016/7/11,29, , , , , 
2016/7/12,42, , , , , 
2016/7/13,52, , , , , 
2016/7/14,54, , , , , 
2016/7/15,34, , , , , 
2016/7/16,44, , , , , 
2016/7/17,40, , , , , 
2016/7/18,38, , , , , 
2016/7/19,40, , , , , 
2016/7/20,42, , , , , 
2016/7/21,41, , , , , 
2016/7/22,75, , , , , 
2016/7/23,54, , , , , 
2016/7/24,49, , , , , 
2016/7/25,52, , , , , 
2016/7/26,58, , , , , 
2016/7/27,41, , , , , 
2016/7/28,41, , , , , 
2016/7/29,51, , , , , 
2016/7/30,50, , , , , 
2016/7/31,47, , , , , 
2016/8/1,48, , , , , 
2016/8/2,48, , , , , 
2016/8/3,43, , , , , 
2016/8/4,37, , , , , 
2016/8/5,42, , , , , 
2016/8/6,32, , , , , 
2016/8/7,30, , , , , 
2016/8/8,40, , , , , 
2016/8/9,26, , , , , 
2016/8/10,38, , , , , 
2016/8/11,36, , , , , 
2016/8/12,39, , , , , 
2016/8/13,41, , , , , 
2016/8/14,41, , , , , 
2016/8/15,28, , , , , 
2016/8/16,36, , , , , 
2016/8/17,23, , , , , 
2016/8/18,23, , , , , 
2016/8/19,35, , , , , 
2016/8/20,52, , , , , 
2016/8/21,57, , , , , 
2016/8/22,27, , , , , 
2016/8/23,27, , , , , 
2016/8/24,34, , , , , 
2016/8/25,36, , , , , 
2016/8/26,48, , , , , 
2016/8/27,41, , , , , 
2016/8/28,54, , , , , 
2016/8/30,31, , , , , 
2016/8/31,31, , , , , 
2016/9/1,59, , , , , 
2016/9/2,31, , , , , 
2016/9/3,24, , , , , 
2016/9/4,21, , , , , 
2016/9/5,36, , , , , 
2016/9/6,43, , , , , 
2016/9/7,70, , , , , 
2016/9/8,53, , , , , 
2016/9/9,51, , , , , 
2016/9/10,32, , , , , 
2016/9/11,45, , , , , 
2016/9/13,22, , , , , 
2016/9/14,35, , , , , 
2016/9/15,68, , , , , 
2016/9/16,22, , , , , 
2016/9/17,38, , , , , 
2016/9/18,53, , , , , 
2016/9/19,43, , , , , 
2016/9/20,49, , , , , 
2016/9/21,46, , , , , 
2016/9/22,48, , , , , 
2016/9/23,46, , , , , 
2016/9/24,63, , , , , 
2016/9/25,41, , , , , 
2016/9/26,24, , , , , 
2016/9/27,37, , , , , 
2016/9/28,23, , , , , 
2016/9/29,33, , , , , 
2016/9/30,15, , , , , 
2016/10/1,15, , , , , 
2016/4/2,24, , , , , 
2016/4/3,17, , , , , 
2016/4/4,22, , , , , 
2016/4/5,30, , , , , 
2016/4/6,33, , , , , 
2016/4/7,34, , , , , 
2016/4/8,26, , , , , 
2016/4/9,24, , , , , 
2016/4/10,24, , , , , 
2016/4/11,31, , , , , 
2016/4/12,44, , , , , 
2016/4/13,24, , , , , 
2016/4/14,27, , , , , 
2016/4/15,38, , , , , 
2016/4/16,38, , , , , 
2016/4/17,37, , , , , 
2016/4/18,58, , , , , 
2016/4/19,43, , , , , 
2016/4/20,54, , , , , 
2016/4/21,20, , , , , 
2016/4/22,55, , , , , 
2016/4/23,62, , , , , 
2016/4/24,35, , , , , 
2016/4/25,30, , , , , 
2016/4/26,47, , , , , 
2016/4/27,44, , , , , 
2016/4/28,17, , , , , 
2016/4/29,47, , , , , 
2016/4/30,49, , , , , 
2016/5/1,38, , , , , 
2016/5/2,43, , , , , 
2016/5/3,36, , , , , 
2016/5/4,29, , , , , 
2016/5/5,38, , , , , 
2016/5/6,40, , , , , 
2016/5/7,25, , , , , 
2016/5/8,52, , , , , 
2016/5/9,31, , , , , 
2016/5/10,61, , , , , 
2016/5/11,61, , , , , 
2016/5/12,57, , , , , 
2016/5/13,45, , , , , 
2016/5/14,30, , , , , 
2016/5/15,36, , , , , 
2016/5/16,15, , , , , 
2016/5/17,22, , , , , 
2016/5/18,54, , , , , 
2016/5/19,40, , , , , 
2016/5/20,37, , , , , 
2016/5/21,37, , , , , 
2016/5/22,33, , , , , 
2016/5/23,24, , , , , 
2016/5/24,48, , , , , 
2016/5/25,67, , , , , 
2016/5/26,80, , , , , 
2016/5/27,77, , , , , 
2016/5/28,56, , , , , 
2016/5/29,61, , , , , 
2016/5/30,51, , , , , 
2016/5/31,50, , , , , 
2016/6/1,54, , , , , 
2016/6/2,46, , , , , 
2016/6/3,51, , , , , 
2016/6/4,54, , , , , 
2016/6/5,57, , , , , 
2016/6/6,34, , , , , 
2016/6/7,28, , , , , 
2016/6/8,30, , , , , 
2016/6/9,23, , , , , 
2016/6/10,37, , , , , 
2016/6/11,52, , , , , 
2016/6/12,56, , , , , 
2016/6/13,21, , , , , 
2016/6/14,24, , , , , 
2016/6/15,42, , , , , 
2016/6/16,54, , , , , 
2016/6/17,42, , , , , 
2016/6/18,40, , , , , 
2016/6/19,55, , , , , 
2016/6/20,58, , , , , 
2016/6/21,64, , , , , 
2016/6/22,44, , , , , 
2016/6/23,42, , , , , 
2016/6/24,34, , , , , 
2016/6/25,49, , , , , 
2016/6/26,53, , , , , 
2016/6/27,47, , , , , 
2016/6/28,52, , , , , 
2016/6/29,47, , , , , 
2016/6/30,28, , , , , 
2016/7/1,62, , , , , 
2016/1/5,20, , , , , 
2016/1/6,43, , , , , 
2016/1/7,59, , , , , 
2016/1/8,66, , , , , 
2016/1/9,62, , , , , 
2016/1/10,32, , , , , 
2016/1/11,10, , , , , 
2016/1/12,31, , , , , 
2016/1/13,35, , , , , 
2016/1/14,49, , , , , 
2016/1/15,51, , , , , 
2016/1/16,45, , , , , 
2016/1/17,32, , , , , 
2016/1/18,31, , , , , 
2016/1/19,34, , , , , 
2016/1/20,46, , , , , 
2016/1/21,63, , , , , 
2016/1/22,70, , , , , 
2016/1/23,48, , , , , 
2016/1/24,17, , , , , 
2016/1/25,57, , , , , 
2016/1/26,57, , , , , 
2016/1/27,45, , , , , 
2016/1/28,33, , , , , 
2016/1/29,46, , , , , 
2016/1/30,28, , , , , 
2016/1/31,50, , , , , 
2016/2/1,42, , , , , 
2016/2/2,44, , , , , 
2016/2/3,33, , , , , 
2016/2/4,29, , , , , 
2016/2/5,29, , , , , 
2016/2/6,37, , , , , 
2016/2/7,47, , , , , 
2016/2/8,74, , , , , 
2016/2/9,44, , , , , 
2016/2/10,42, , , , , 
2016/2/11,39, , , , , 
2016/2/12,27, , , , , 
2016/2/13,59, , , , , 
2016/2/14,21, , , , , 
2016/2/15,49, , , , , 
2016/2/16,42, , , , , 
2016/2/17,40, , , , , 
2016/2/18,56, , , , , 
2016/2/19,31, , , , , 
2016/2/20,27, , , , , 
2016/2/21,26, , , , , 
2016/2/22,51, , , , , 
2016/2/23,34, , , , , 
2016/2/24,39, , , , , 
2016/2/25,19, , , , , 
2016/2/26,22, , , , , 
2016/2/27,24, , , , , 
2016/2/28,33, , , , , 
2016/2/29,40, , , , , 
2016/3/1,30, , , , , 
2016/3/2,34, , , , , 
2016/3/3,23, , , , , 
2016/3/4,35, , , , , 
2016/3/5,57, , , , , 
2016/3/6,56, , , , , 
2016/3/7,65, , , , , 
2016/3/8,54, , , , , 
2016/3/9,65, , , , , 
2016/3/10,67, , , , , 
2016/3/11,64, , , , , 
2016/3/12,25, , , , , 
2016/3/13,42, , , , , 
2016/3/14,44, , , , , 
2016/3/15,21, , , , , 
2016/3/16,33, , , , , 
2016/3/17,30, , , , , 
2016/3/18,16, , , , , 
2016/3/19,33, , , , , 
2016/3/20,29, , , , , 
2016/3/21,35, , , , , 
2016/3/22,29, , , , , 
2016/3/23,53, , , , , 
2016/3/24,53, , , , , 
2016/3/25,52, , , , , 
2016/3/26,32, , , , , 
2016/3/27,40, , , , , 
2016/3/28,51, , , , , 
2016/3/29,31, , , , , 
2016/3/30,25, , , , , 
2016/3/31,36, , , , , 
2016/4/1,45, , , , , 
2021/3/1, , ,32,1, , 